,A,B,C,D
0,0.3727156771927651,-0.5006443142110704,-1.2610856501818726,0.0
1,-2.134797127137075,-0.3892393626551779,-1.7597515543221722,0.0
2,4.155102742609518,-0.26167182904519315,0.7738785486259763,0.0
3,-2.360983038390727,1.0037135261369825,-1.6235572552202804,0.0
4,1.2647860129544655,0.909733606604782,0.35766284701595896,0.0
5,2.3627837874184623,1.7242601746096624,0.9267186678621943,0.0
6,4.630008703329439,1.080055229351983,1.0990457017488409,0.0
7,-0.5948503896033348,-0.10450538047205804,-1.5441250528950026,0.0
8,0.7760699438466688,0.8972575572509746,-0.3858392054900669,0.0
9,2.8515712086465816,-0.3842478195716752,0.011047817517494618,0.0
10,1.4892048299235994,-0.43131830891409384,-0.46132011721440874,0.0
11,2.0262878634720796,0.030140058869081943,1.2188118761406779,0.0
12,0.24765123465260197,0.2678768917900684,-0.8593039154685042,0.0
13,0.6653082699117266,0.6324334993150659,-0.166050758221694,0.0
14,0.3839920006695119,0.8632959064646372,-0.6577756945988753,0.0
15,1.3370351938110165,0.032564173549050834,-0.19539281179490647,0.0
16,0.48826256849747784,0.904776483297788,-0.22498608839862333,0.0
17,3.872189628975029,1.7014860425493112,0.8147034161695399,0.0
18,2.6081495941421498,0.10693836942983476,1.338550728977047,0.0
19,2.083523768954576,-0.72807428773774,-0.002874443310886732,0.0
20,3.0008154533581,-0.14700928432015947,1.8606888860574335,0.0
21,0.5130235271809322,-0.19947379772808216,-0.7886352193054593,0.0
22,0.5420270704669938,0.26159007417783064,-0.009006391840976815,0.0
23,0.7291860363681614,-0.1279651711639278,0.2066254586896444,0.0
24,2.9756810205467397,-0.5415227972404884,0.871441573868156,0.0
25,-1.8332540078831583,0.16449800933375003,-0.742179993892001,0.0
26,-0.06106104720387451,1.2918083997299115,-0.4569267202138769,0.0
27,-2.046529288676745,0.6021756104960891,-3.1457149326029916,0.0
28,2.567119465642213,-0.5866091489525043,0.8377886566722499,0.0
29,2.2194253279374188,0.3577523203754056,1.4926164369657011,0.0
30,1.385905475737403,0.9654918034605113,0.22769551506672736,0.0
31,1.5385258241943038,0.43567156650499955,0.5013559497901651,0.0
32,4.142398017757349,-0.25544938208815515,0.4786301935131573,0.0
33,1.1293393619464667,0.6316134701223144,-0.1155171266787127,0.0
34,0.19084967043107726,0.043879052320473955,0.18222241930550565,0.0
35,0.9728047754111058,0.2395081125296994,-0.1669973004975609,0.0
36,1.6718339522102266,-0.142583088268876,0.9789277879688524,0.0
37,-3.482760948171297,-0.057151603129241724,-1.7357291040105103,0.0
38,-1.7453886120966793,-0.6072900197163744,-1.1897715728598064,0.0
39,3.397517097503967,-0.13476030538658634,0.4340858472960508,0.0
40,-2.2447895890219276,-0.15888562074258705,0.24340395862473432,0.0
41,0.8640400140495748,-0.32832232238072623,0.7512283749068096,0.0
42,-0.06770016150159769,0.07489945746850923,0.37541422945405417,0.0
43,-1.4080431862481824,0.0955884404686349,-1.8541409645633715,0.0
44,2.5754018581360225,0.07757171896550374,0.927466472880309,0.0
45,1.2694396910700882,0.923879340513772,0.3618346495133478,0.0
46,1.4619969272580897,-0.46785558858427556,0.013543063482929212,0.0
47,0.07782021055572552,0.3938839588574428,-0.592265680187371,0.0
48,1.04997573626129,-0.3150890510904575,1.3737028049052544,0.0
49,4.7553202403069665,1.4786087921165194,2.035644160583452,0.0
50,3.2601479393567367,0.5044955227352906,2.1290415052950404,0.0
51,0.3961787237710197,0.0845398606880643,-1.0472483783726778,0.0
52,2.8437096675342146,0.1213732867648063,2.6117703093052587,0.0
53,0.9763635749938093,-0.18955083688631313,-0.6051993376421614,0.0
54,-1.6041427966729138,-0.5437423331916088,-1.7440776590924565,0.0
55,6.884572290423215,-0.45911772257432537,1.1594665601523162,0.0
56,0.2482764665222626,-0.06580835205456914,-0.11331439485695612,0.0
57,-0.41828875805277277,-0.4599618364788621,-1.4777653193164375,0.0
58,2.1985786294778316,0.6845562426241685,0.8260636063393095,0.0
59,0.6202378929509207,0.4090616868518723,-0.21110258308597277,0.0
60,0.28956852416500833,0.9528908104565511,-0.535828320116599,0.0
61,2.816515867895224,-0.6141894510625969,1.2646456979046061,0.0
62,0.32043748853194887,0.6919048656800253,-0.8397149233105329,0.0
63,-0.9406895338800896,-0.2468324593503073,1.1612966304123338,0.0
64,0.974370249351396,-0.12561199488877517,-0.29041244540425837,0.0
65,2.937309915278349,0.168282381814436,2.1570867430447223,0.0
66,-1.868883363635156,0.5127670879748023,0.13792294299644464,0.0
67,-3.125255520282573,-0.3881494351039607,-2.20507811363889,0.0
68,-1.0583325894334776,-0.4991389712653608,-1.4984048064820017,0.0
69,5.847550578591055,0.0015914816652189412,1.971959914592462,0.0
70,-1.5680547040558908,-0.00828234343519807,-0.42822730533419034,0.0
71,0.30720103999575255,1.6734974512188714,-1.2338757641815468,0.0
72,-0.8920066519001485,-0.26389759126101137,-0.3753842622619409,0.0
73,0.6456506635507466,0.6707600980739462,-0.2309588979675536,0.0
74,2.220075222969898,-0.3617425359592058,0.39679889082915887,0.0
75,-1.0974094968936177,1.0321792742944342,-2.3268603991563883,0.0
76,1.2072902256766695,0.07582054216505396,0.08270767577758456,0.0
77,-0.4503665098112145,0.8362127865582089,-1.4046396873404026,0.0
78,1.5088190282600182,0.8885335881046221,0.5703677964031888,0.0
79,0.6612993869036157,1.0107937830785698,0.36503276229633913,0.0
80,1.9114721882496015,-0.7037306891396311,1.5379646937303932,0.0
81,-0.31230807298370156,0.7963528176732817,-1.2766927589070212,0.0
82,2.2297282345005986,-0.41410965819955403,0.13712109788796809,0.0
83,3.5420968058848388,1.181978465815331,2.850680495807495,0.0
84,1.9771140599458095,0.6389649733585088,1.0038333573725435,0.0
85,-0.8475592315658247,0.23400939694677192,-1.7317873914662176,0.0
86,1.8018773299901558,-0.7239659810603727,0.9715038720175334,0.0
87,-0.36941985199235616,0.06049184359402304,-1.1489791188983487,0.0
88,1.3021705473516576,1.1587151907154531,1.6628895584205925,0.0
89,1.284891266885213,0.20622010784739755,0.2705962459347843,0.0
90,0.10052202397928389,-0.03348604726207938,-1.0356694189285027,0.0
91,2.570483796012584,0.9291236563098323,1.486932764879435,0.0
92,2.545938614771771,-0.04989967382683258,-0.39785243656150704,0.0
93,1.4009043783221977,-0.30268010611921936,0.10951288789221096,0.0
94,0.179196731518241,1.728161186216659,-0.5648414013756566,0.0
95,0.677109942727717,-0.3209590015270548,-0.259556529630115,0.0
96,-2.469085267970965,-0.20906588424585282,-1.0631935770491834,0.0
97,7.879428959582048,-0.23419982044624843,2.317078227081771,0.0
98,11.979887738455027,0.6040010138564529,0.9574729430384568,0.0
99,-1.646842320093396,-0.3351645966811132,-0.3514331946280025,0.0
100,-1.0796691705780512,-0.42833446253339713,-0.9512146679150724,0.0
101,3.687516812076092,-0.33827094164263594,1.557907538489723,0.0
102,4.107143402498266,-0.2731649645144357,2.7412229803712407,0.0
103,2.2556652374931687,0.6085647007705729,1.3498112641661473,0.0
104,-1.7881660315663672,-0.3579468652186283,-1.5366715697937923,0.0
105,3.3035136680238826,0.20516180386303712,1.8819570292962782,0.0
106,2.8987577749621565,-0.27837771496964936,0.548774737250987,0.0
107,-0.7709443463340867,0.9422633915876542,-1.2532818566584205,0.0
108,0.957995485555047,0.3783755641064479,-0.37942767578313497,0.0
109,1.8337955182300423,-0.14939633237395977,-1.6543946062423034,0.0
110,-0.01015924132653745,0.27466516141745223,-1.6693451427798927,0.0
111,0.663444125658241,0.45039864050970474,0.17946303355291968,0.0
112,4.119009213735486,0.13836979650659054,1.5217554874276902,0.0
113,2.1988628274672215,1.3084884630517468,0.6557146776516148,0.0
114,5.0028739885592755,-0.4118994726644455,1.783207425679967,0.0
115,0.1383091205392244,1.2285701643171512,-0.8200378746004724,0.0
116,6.853992231738062,-0.28752662578873234,2.457584258953843,0.0
117,-1.3923993630296791,1.1516887821237862,-2.347810701903234,0.0
118,2.3433777844463552,-0.12888110137234698,1.8225091322270848,0.0
119,-0.1682607402046932,-0.2860437007421346,0.06054505754565916,0.0
120,-0.4358769557135347,-0.19793730793971043,0.7639556458199157,0.0
121,1.146697222369541,0.5609042675718863,-0.155340486335229,0.0
122,4.961463212002306,-0.7349179117467366,0.08199665222247668,0.0
123,-0.33933736218977684,-0.11115289178682308,-0.2651927722100895,0.0
124,2.0090295398840134,-0.2497059044036044,0.9587770073322962,0.0
125,-2.649147144247892,0.29991346330220114,-1.8619858643113012,0.0
126,-0.13250124709973377,-0.12120893602507166,1.0697664712022352,0.0
127,3.7518564873215654,1.0279697267404408,3.032436261865678,0.0
128,0.6101488527403374,0.14519257586306877,-0.24400091806584265,0.0
129,1.3557127099530517,0.1467199420359755,-0.23878081270305776,0.0
130,-1.6655439515589745,0.06471802517815983,-2.0326520604001783,0.0
131,-3.4217148104578974,-0.20118543563505986,-2.0364742064666923,0.0
132,2.575603213560824,-0.16531717526271605,-0.14256783788855273,0.0
133,1.76660241623337,0.30977572183056423,0.6161523339544539,0.0
134,2.347325244546095,-0.3355506385236978,1.1496544622240739,0.0
135,-0.47578900029372884,-0.1285779678887608,-0.13237051681319897,0.0
136,1.7029004654892073,1.4367550836815237,1.277972684870203,0.0
137,0.80546019712447,-0.3966729908555374,-0.5010124156403549,0.0
138,1.7710903466729326,0.4727796077239812,0.8580291590458233,0.0
139,5.199250472079635,-0.25592725299154495,-0.37776640074557427,0.0
140,-0.3811267555641039,-0.5012908901424298,-0.09608058391732675,0.0
141,2.8309782288757335,0.9388689046385907,1.059014476002223,0.0
142,1.2180371145779785,0.6292648332946584,0.09799327620451102,0.0
143,2.648365996418684,-0.13978877360109204,0.6122817046054391,0.0
144,0.4172971453352412,0.08049297761715335,-1.6729501200086365,0.0
145,-1.0946039693516916,-0.35151025047355744,-0.26688675261185063,0.0
146,-0.5971550561337551,-0.11914790163196998,0.8712739204503903,0.0
147,0.35896833527010696,0.4105762118867921,-0.3004140792654034,0.0
148,3.0928444651753155,0.5125459082750315,2.092850080138087,0.0
149,0.47704248965460017,-0.6137201587300193,-0.5118559996121719,0.0
150,2.7042713839627806,-0.08869738195264176,1.7355239629013564,0.0
151,2.7019375006240614,-0.03038047041348102,0.36258251405221215,0.0
152,0.5134063650195302,0.2610163620963327,0.28358305917608334,0.0
153,-0.801306067934863,-0.28477884401960063,-0.9744525765850808,0.0
154,2.496612211642955,1.0594761155516892,1.1984342826603207,0.0
155,2.8936293835432174,1.0378044071632688,1.8602029876341464,0.0
156,1.106989225650187,1.2806983857426266,0.4111903934870865,0.0
157,5.198552350696325,-0.12080620882288184,0.3133648786053677,0.0
158,2.654681927893005,-0.13944412855975574,0.4118601471646965,0.0
159,1.2868935822773488,-0.21102470624287328,2.1681105362217137,0.0
160,3.1728704725110917,0.09806568016101613,1.3672733019314083,0.0
161,1.0309810474634595,0.1001378706972662,0.9889585196132084,0.0
162,1.1573306610447203,-0.13390518601565637,1.5165831762568578,0.0
163,1.2298527636705705,0.6527423181731751,0.3061714525215881,0.0
164,2.883762618464246,0.7955033148037527,1.6948917122668805,0.0
165,2.2101039365112616,0.49141837060911864,1.2066069641438142,0.0
166,0.5726918779242955,-0.5131543381679927,0.22393257734423155,0.0
167,2.088906539884073,-0.7065167859306476,1.7553776365572287,0.0
168,3.6136390983893336,-0.516033626733942,-0.2951682671534039,0.0
169,1.3524881103147195,0.1162216528022848,-0.29602275430462277,0.0
170,2.8385977297100546,-0.19079634727027034,2.2912440399960006,0.0
171,0.28240649150117425,0.9792962264671813,-0.5678655425796033,0.0
172,2.0087217781381117,0.25719957392305903,0.09036349660027809,0.0
173,-1.0708019347171738,-0.014726093758727354,-1.2907579877084723,0.0
174,-0.7644947078591606,0.027845587824543494,0.5949492270024388,0.0
175,-0.461469039351101,0.0803400627163664,0.14963012057989217,0.0
176,2.2638027076490475,-0.8025609147299577,-0.9050244255088363,0.0
177,-0.9846440819380382,-0.7523763262674263,-0.4566012034361917,0.0
178,-3.61778424064482,0.3476184579743876,-0.9457156829138438,0.0
179,-0.4197043636835299,0.03128209342628052,0.1510333602246344,0.0
180,0.9273965782708149,0.3441761421061628,-0.22345486336133227,0.0
181,0.21366805448855886,1.7693581219776902,0.9182487479179572,0.0
182,-0.5837694982452175,0.651786341254242,-1.652960647768734,0.0
183,0.9384523784639317,0.809651153212412,0.17745669102279873,0.0
184,-0.38381409650430276,0.12271576295394337,-0.7375251755014991,0.0
185,2.396198303443796,0.48313539389700333,1.4742953926620042,0.0
186,1.1579124756366803,-0.5152438124459517,-2.0326893486538684,0.0
187,2.1556567859336315,-0.7135954961128806,0.37264099780169035,0.0
188,-0.7045391314048863,0.68039235129906,-1.7778027787798367,0.0
189,0.1649244944261038,-0.6234713472100357,-0.4391005249347789,0.0
190,-0.9855862303252342,-0.17291445878016887,-0.5839790438244213,0.0
191,1.0796820333063968,-0.48353978470955983,2.098193911992044,0.0
192,2.999921131742632,-0.22117169569912204,0.9340885654082408,0.0
193,-0.9877027419589341,-0.07668230145048338,-1.4651181139244183,0.0
194,-1.325333907263907,0.3722230976899089,0.3800488944500995,0.0
195,1.0432012053471724,0.43624885227849464,0.12832978768282888,0.0
196,1.6178545449822117,-0.02948094930905676,-0.44784773500531955,0.0
197,1.1950229138822108,-0.3164451036122412,-0.8822926193223963,0.0
198,0.9536373958701816,1.160643655035281,-0.5631593309425045,0.0
199,1.23390957446177,1.301355027618627,-0.5502893399630893,0.0
200,2.1273450314977698,0.619597638947052,0.7685370910406344,0.0
201,1.603850443135868,1.1782315042670257,0.1820429697760371,0.0
202,-1.6207855306958365,-0.29892514120184976,-1.0859192528614128,0.0
203,-2.6607184322523585,-0.5519081947492523,-1.690599398162227,0.0
204,2.3169182917835327,0.8366667205281769,1.4377271313150368,0.0
205,2.105707202566712,-0.10029931365930345,0.20286024802482963,0.0
206,0.8377790926730441,0.22925941191411145,-0.22797916268280727,0.0
207,-2.423366295941195,0.08977807872756449,-1.9768778355248036,0.0
208,-1.7543562518769986,-0.6919318134896791,-1.9391830223285889,0.0
209,4.452459303331362,0.602995283597607,-0.36343350731483715,0.0
210,-0.17546004993735176,-0.07025404265247104,-0.1672280484124391,0.0
211,-0.32077933338907005,-0.1581425447109614,-1.3283002232879884,0.0
212,-0.1818035921589968,-0.05551155252873419,0.048469768999622374,0.0
213,1.4307365540686565,0.10947211588183803,-0.48708757625671156,0.0
214,-0.3295114912076894,-0.3231267330297215,0.09261530117914343,0.0
215,2.5411655856749866,-0.492704785584396,2.141866703767918,0.0
216,2.2207801947995165,-0.11471107506351458,1.1411377636656006,0.0
217,-1.6029078470651894,1.1549523166983735,0.1527562775949265,0.0
218,-1.007607145511191,-0.8924032235215691,-1.118109073453875,0.0
219,1.510391643533611,0.37377266754311067,0.5774948471561945,0.0
220,2.1218621313674024,-0.6128026852013098,1.072501604678987,0.0
221,2.6632102899964103,-0.41861075746302756,1.9211468498231643,0.0
222,2.0507607955337592,-0.4650590890201069,1.9079407703261628,0.0
223,-1.580774261549907,-0.0903120229584069,0.2520817788236688,0.0
224,1.4464490407061954,0.391120781385557,0.6122160910958634,0.0
225,1.621004184890525,-0.509009283339255,0.35416668003910345,0.0
226,2.4233466629435294,-0.4770754234035921,-0.3078464396397417,0.0
227,-0.9937868898830411,1.173998805714945,-1.884644797209759,0.0
228,2.571603240505544,-0.19265177361544883,1.1899475156657118,0.0
229,-0.22538226558911678,-0.5152949098304437,-0.4163057755786288,0.0
230,1.2100836555674994,-0.29919957809228326,0.1894859073615985,0.0
231,1.5082118504036428,-0.07363560666323588,-0.5031638175260627,0.0
232,-0.12468367236750633,-0.4559613157295329,-1.0208677036335534,0.0
233,0.8209967415677071,0.9333413837468922,-0.03061576542124389,0.0
234,-0.6214123602203054,0.42011575465039463,-2.0744286392767854,0.0
235,3.5014595852950547,-0.3359603531126075,0.001736293205972635,0.0
236,3.109100810825457,-0.3593736871380534,1.3708265704375535,0.0
237,4.2379901729380025,-0.20944730697370773,0.09150185243642604,0.0
238,-2.3611085641725524,-0.21521242245148264,-1.235793640303477,0.0
239,3.6623006184260483,-0.6259001659712817,-0.23805364155217146,0.0
240,1.0257501020013693,-0.32766031656564953,0.5485291661718552,0.0
241,3.508665535702235,1.3370139659476443,1.2682256261786815,0.0
242,2.4968193643281653,-0.09733972586265449,1.2658169091745632,0.0
243,2.2385401936597527,-0.08860959347498631,1.033080299532021,0.0
244,0.37922562545670474,0.12954775085608983,-0.24948692925872434,0.0
245,1.2668057751683515,0.27476858024311857,0.270169389263458,0.0
246,1.414962162401137,0.22312429656753652,0.5320356332173224,0.0
247,2.147637224263196,0.4500653752317655,1.1428006244091389,0.0
248,1.8782932027260868,0.10739895986434622,0.7358161399876879,0.0
249,1.430649906530983,0.7332388773514336,0.6300766144128243,0.0
250,1.8603786449905746,-0.5357949103941704,1.0592963716152175,0.0
251,0.9024750932110199,0.11964190314610723,-0.13483625139826771,0.0
252,5.385063253574349,-0.44608604465685864,0.4642943907708943,0.0
253,-0.892960169753807,1.0527967156818865,-2.2097196872810545,0.0
254,2.324442812187404,1.4241942954802076,0.22029391411833965,0.0
255,7.112034639019683,0.06857383954314644,1.0235222992665967,0.0
256,4.717910989153932,0.0008848788806927743,2.2881395971794865,0.0
257,2.7762289527211053,0.22858173747239108,1.9280047115233792,0.0
258,1.5926668149780905,0.7117238133443915,1.004123403508366,0.0
259,1.1345062129137633,0.40451221026363177,0.10661683959804466,0.0
260,2.7956733873806967,-0.6709897611203368,-0.7306193069517928,0.0
261,3.6501373063697256,0.1419032678290754,1.9959229398410256,0.0
262,2.135920787575067,1.2265361592626316,1.3039906630298836,0.0
263,2.3435519046059,-0.5744481718943701,1.363029688086051,0.0
264,1.6703639442216256,0.3463673847765995,0.7253721063032752,0.0
265,1.1265470690401818,0.6051932950650131,0.36194944061650386,0.0
266,-2.701446471790945,-0.7859243815690855,-0.7012210598982028,0.0
267,-2.1947692379708608,-0.656117916995689,-2.1509957075747734,0.0
268,6.816984027476524,0.9739191563036349,2.3409770045775864,0.0
269,0.22479604956632582,0.5811110904496115,-0.8583584154176113,0.0
270,1.3843258460883143,0.3578667021761278,0.9192347513456754,0.0
271,-3.275409618557314,0.6070508240392805,1.3268586786078695,0.0
272,0.052133357654408075,-0.26916873953284415,0.6761727437402849,0.0
273,4.186789334311351,-0.0008515585387147695,2.8722073523934886,0.0
274,7.076357729781126,0.19526270712641314,1.6108092112378327,0.0
275,1.6004185135533229,0.32044696033805753,0.46791190458606846,0.0
276,1.7018926410773283,-0.004977320867815549,-0.2569887138224713,0.0
277,2.3072882056208153,1.23321777132577,0.32989658045887915,0.0
278,0.8153203607994524,-0.08494229773231077,0.8955606594807859,0.0
279,2.6598017682391673,-0.24558169716406175,0.25831578681920847,0.0
280,2.9384460756019037,0.4939980520892418,1.9266273332907364,0.0
281,-1.0908468554463684,0.8490665530886563,-1.1422811675458737,0.0
282,0.6034751926108717,-0.3470950439773818,1.2872146428161482,0.0
283,0.5640794975737722,1.0980988411298875,0.0006083054732923972,0.0
284,0.014571056918607772,-0.18588388141116374,-0.3456530849826263,0.0
285,4.1713491288779885,1.5072585936189289,0.5145709920159356,0.0
286,-0.6188937778738193,0.07053534897349645,-0.9692787599918472,0.0
287,1.6496526431607526,-0.0836531304342194,-0.18120613354084755,0.0
288,1.690023052669388,0.9411445928234216,0.6945447842372631,0.0
289,-0.44652087929564166,0.9488728118319862,-1.5523848840234789,0.0
290,0.1618312571010817,-0.6617142144065156,-0.507434487908092,0.0
291,0.47116373722869875,0.269551232719093,0.44831057685984854,0.0
292,1.3576352387477377,-0.32495327075371927,0.23724410533959475,0.0
293,1.4911038676209103,0.5211894187919492,0.49890656687528234,0.0
294,1.160822280905068,-0.5638332985886041,1.3262095994981056,0.0
295,1.4638895442546256,-0.07900535800308284,0.27310433757604735,0.0
296,2.616778364257704,-0.2542831813322231,1.5895040323148917,0.0
297,4.895949178249869,0.5053096145595759,-0.32701758384001933,0.0
298,1.9019188675512984,0.10315339377490396,1.2587460943192434,0.0
299,-0.3799642533295222,-0.4248023814353906,0.28230123576215926,0.0
300,-0.18748215952615732,-0.0753871025925309,-1.0252411052688628,0.0
301,1.6824080242906247,-0.15643185589566655,-1.885862377434664,0.0
302,1.085446917709885,-0.45116514553514886,0.4568380404834649,0.0
303,0.30350168450513637,-0.2788582855450519,-1.002069044255226,0.0
304,0.5456154704402632,-0.2137737676163376,1.0756615208854663,0.0
305,7.332442998847854,-0.2503697661953839,1.5922766872618705,0.0
306,1.163282837505368,-0.2539466960675436,-0.06035214814397851,0.0
307,3.2553325763509964,-0.5917779826437395,0.04136096918305422,0.0
308,1.5353485408221743,0.11240442393059846,0.47987071955230753,0.0
309,1.478255895426512,1.0082126984546824,-0.630803269071897,0.0
310,2.346833580513138,-0.743165021813621,0.5525925483925851,0.0
311,-0.11409576311263336,0.14748256185068453,-1.2636293233311777,0.0
312,0.7414066727072399,0.1391309508733405,1.0811462193017056,0.0
313,0.92694095900951,0.8459953277181278,-0.10526089297344811,0.0
314,2.011932711594928,1.3158296566844467,0.3450468459299831,0.0
315,1.1475175020086847,-0.2779949872611074,0.9927688164799975,0.0
316,0.21917418051495763,-0.04191542088036371,0.6232108529153408,0.0
317,0.2132561772440339,0.128005163579737,0.10673545648672478,0.0
318,-0.024247903874935917,1.5301879729969663,0.012851201208629925,0.0
319,-1.4213534434104287,-0.11124263807349133,-1.5963394931111563,0.0
320,3.0066310844402526,0.200098500173583,1.4121166284076112,0.0
321,0.25435482020100597,0.9460687207917697,-0.7401809976163729,0.0
322,-3.880868939009871,-0.042036091630407335,-1.0404481624293087,0.0
323,0.35110823615264963,-0.2488738852168238,-0.6456868203374518,0.0
324,-1.082495144025029,0.4180586323931026,-1.663517657328172,0.0
325,-1.789438083483045,0.09382008761395144,-1.3901229916540165,0.0
326,0.4419890907486055,0.7686341141650104,-0.5228245784603267,0.0
327,-1.138382251518568,0.18314800124440267,-1.0598000529247957,0.0
328,0.35086731731711773,-0.6097683866403396,-0.0795889592162797,0.0
329,0.8578649369673743,0.1694477525893361,-1.194650912487641,0.0
330,-1.9649274179190999,-0.380344094573136,0.11303269024876632,0.0
331,1.5984819020081567,1.64618424050941,1.482079542067993,0.0
332,-0.1313595969556074,-0.19089018150941484,-0.7087621271561546,0.0
333,-1.4012161064174087,0.05430782608859119,-2.6157252383876806,0.0
334,1.7381259990912765,-0.06568607379021929,0.7674854233909048,0.0
335,-0.43804877877001525,1.0972733885264294,-0.8331564413507547,0.0
336,1.1009581698640396,-0.30666396918966343,0.03632375750278008,0.0
337,0.5566251529577557,0.29571904140302185,-0.1338008059550999,0.0
338,-0.8877378286709097,-0.0029428370623666433,-2.2305283709837656,0.0
339,5.596277711739964,1.3001250972301464,0.7441165332140631,0.0
340,1.3361646419939144,0.3334275567621924,0.38200224428496987,0.0
341,1.9894520998355283,0.17646912451006347,0.709393053329945,0.0
342,0.8330898290470643,-0.48526644665230856,0.20794588327695587,0.0
343,2.0104890453867967,0.026937829260775814,0.7896493307084818,0.0
344,0.5649139239813226,-0.2846816293833079,-1.4475321329373954,0.0
345,1.7610443209754783,0.15329781647705454,1.3115621736045617,0.0
346,-0.6435122278796628,0.3892553223584061,-0.3735254399427021,0.0
347,1.4906060881143295,0.023078582127625147,0.5101784205845886,0.0
348,-1.8852591611125262,0.8555057359721795,-2.8705187855998537,0.0
349,-0.7104347108219993,1.7748386733496728,-0.8537592754903046,0.0
350,5.274363642540229,-0.24385122786545782,2.262913417919874,0.0
351,2.556228178225018,-0.18965367658329402,1.5648099076919282,0.0
352,2.100782133666143,1.2425507574642716,0.6776744941064085,0.0
353,1.9078519237195637,-0.22336436630776746,0.3475789132474468,0.0
354,0.514146232722049,-0.06182335870796163,-0.27228410351503607,0.0
355,2.794581537095617,-0.22601199596732102,1.1033343420274442,0.0
356,-1.379374502167147,-0.19851692202442728,-2.1487131961692265,0.0
357,0.891380993245767,0.4649304539322096,0.15378926882881006,0.0
358,-0.3771146407085939,0.2224257387910651,-1.1263567231307898,0.0
359,2.3973156676693153,1.1562168326894813,0.9229817388489375,0.0
360,0.5035403604137524,0.29831822507968697,-0.5006646222274457,0.0
361,-0.1627627803960099,0.3761009889919824,1.1400017012387584,0.0
362,0.971907030275317,-0.045791542186169765,-0.5989227705792761,0.0
363,3.797810883031809,-0.41404718825745035,2.164915062350129,0.0
364,2.038789152625068,-0.4703208513693026,-0.2069051508946518,0.0
365,0.719919423478417,0.04291026535667103,-0.7677695614556672,0.0
366,3.3241941767679686,1.19446096036772,2.6765342336239524,0.0
367,0.4684128808922786,-0.18942630537598748,0.7249464536119831,0.0
368,3.123140700914485,-0.3206167348251562,1.5030776058851463,0.0
369,-0.26021539998901755,1.019361625735782,-0.4797605751269617,0.0
370,-1.02287200686258,0.7779085669355625,-1.596985305598765,0.0
371,2.7229209035649173,-0.7140433685948384,0.5032099846028356,0.0
372,1.6151467484508368,1.7156729679198306,0.07410099693035062,0.0
373,2.6541388433835826,1.3104589061043002,1.070220408209793,0.0
374,-0.7023402677737602,-0.0781287385469076,0.6012054442965498,0.0
375,-1.0594695674990102,1.2752760288797282,-1.4925915222224095,0.0
376,1.9553679173036171,-0.34901931684450926,1.2411254418568047,0.0
377,3.3127782559186225,-0.0009236837148821619,0.08962977288649387,0.0
378,1.4399448797234566,-0.1698741822377775,0.2936395697582082,0.0
379,0.4620193964423809,-0.2989895210766972,0.3456685290430568,0.0
380,1.9449244350975312,1.2234669923742534,1.4325455203649646,0.0
381,-0.17277336915749697,0.08737604641183161,0.9953700969235156,0.0
382,1.127929086096683,-0.16214227869101405,0.20547354215066357,0.0
383,4.607943386464108,-0.1627765945750972,1.3959776709644993,0.0
384,-0.20207904003338495,-0.5469409902391136,-1.4419390546362987,0.0
385,1.6868022872824098,-0.017418980482152624,-0.2087615552058971,0.0
386,1.082300373003625,0.645535725767749,-0.09628555516272046,0.0
387,-0.14360885440251964,-0.16791785525473601,0.24393074652140906,0.0
388,1.1295126538485956,-0.3165385079219701,0.1334227444214247,0.0
389,-2.1785168142204445,-0.0676499317792223,-1.5249696890334274,0.0
390,1.4413339500550388,0.8435080573417091,0.33983285317140843,0.0
391,2.635293574713584,0.7837594867405169,1.898881701950548,0.0
392,1.9950668139796477,1.408807871783704,-0.06736524238844366,0.0
393,1.3414833686146328,0.5341223721414594,0.44987441181611104,0.0
394,6.824516731994147,0.37721388798711347,-0.3775495645378815,0.0
395,1.4479632839732521,0.6790373522320535,-0.5537531007922678,0.0
396,1.4667035596870979,-0.25402326211444665,0.5115692275615371,0.0
397,1.833066899565892,-0.1092395636769099,0.8673227215270342,0.0
398,-3.3894554838260875,0.06353919934696417,-1.264583684489952,0.0
399,2.9964803971899423,0.13397141261217974,1.9563634562419043,0.0
400,2.931074477688732,0.16697191745309864,1.7437831296451294,0.0
401,-0.5726615716648884,-0.08075968396161559,-0.4851005331847807,0.0
402,2.2047484271842963,-0.20995991767622924,2.0442413368716377,0.0
403,-0.10216720086250941,0.24664266181526473,-0.4219185243499116,0.0
404,0.665787463243783,-0.49546919257667554,1.1015335432266886,0.0
405,2.266201764870859,-0.1883672132294384,1.0242754512470005,0.0
406,0.8422801849732633,0.2188086385399059,-1.0174754299556026,0.0
407,1.4262690910778328,-0.544487745300136,0.781333250344644,0.0
408,3.35501113352995,0.27803544565748783,2.1664841279523026,0.0
409,-0.12699789973093045,-0.5919878474152045,-1.0317666563302383,0.0
410,1.7449953819398907,-0.3550409057964363,-0.9916932657274597,0.0
411,1.0109721684708792,1.6248596255623222,0.7880738650638813,0.0
412,2.0710570985887173,-0.06923003618173956,-0.02716314713848266,0.0
413,2.6762912975290334,1.354718612205678,1.194379583005558,0.0
414,0.41769236579842683,-0.7365826344593052,-1.659388742762344,0.0
415,-0.002602607650072142,-0.11423816738790993,-0.21102911592020823,0.0
416,-1.6514310162461412,-0.22249393743005907,-1.563914939852827,0.0
417,-0.25385890876146466,0.4925040795539951,-0.9372767777477411,0.0
418,-1.0429483906296366,-0.5208806991967718,-1.508116760017271,0.0
419,1.5458027399428618,0.6681903832611173,0.5452341793343924,0.0
420,0.6789871498260067,1.581036602752584,-0.7551872818977603,0.0
421,1.4832892708295036,0.6062192155473842,0.15766104646298804,0.0
422,4.9868406234667235,-0.6531025218750921,1.8009091226202314,0.0
423,3.0327340937086333,0.17051657021145117,1.2195908937304092,0.0
424,0.45436572781526485,-0.5462998584581413,-1.4608179768038594,0.0
425,3.495597121778455,1.1008231748614894,2.589629151518828,0.0
426,-0.4647226976906593,0.7428983850985282,-1.580424872058438,0.0
427,1.843782169015998,1.1371606846214548,-0.12046862163896964,0.0
428,0.7890964331417234,-0.4295485368412787,0.3711100088512917,0.0
429,0.7844069228677293,0.15301158942933935,0.05197591371535387,0.0
430,0.7694382352422058,-0.752343459134446,2.1381953246826506,0.0
431,1.4104600872187383,-0.7252843897444747,-0.009796611874307106,0.0
432,3.168639170675198,-0.1593779092808011,0.2945669742117216,0.0
433,0.6165499105396194,-0.5518945776183295,-0.0030600022021872644,0.0
434,4.420285996686896,-0.6860649081333121,1.1223002215656253,0.0
435,4.889824877446375,1.6596267548159371,1.615984271448164,0.0
436,1.3873641971734907,-0.25056850014280607,-0.22421177156117986,0.0
437,-0.15341408094420506,-0.1891387959443691,0.9008784621182124,0.0
438,-0.46031015833264766,-0.019991448227883013,-1.1037098556212486,0.0
439,-0.24444242909076097,1.2262188962048486,-2.1247182021006594,0.0
440,5.635359965601164,0.3609609863094593,1.1021839763201602,0.0
441,2.8306454851487177,-0.29254863808395926,0.5155444655073409,0.0
442,1.8879774671831655,0.3779347011342305,1.2178844087625758,0.0
443,0.8300970444998361,-0.06013704424657962,1.5388542520117485,0.0
444,-0.5110037345641826,0.5543757469435289,-1.4469130243018553,0.0
445,-2.78553748323875,0.018388058792434103,1.332335600296993,0.0
446,1.2959975678450946,-0.14495914693098877,0.8567684876713579,0.0
447,1.2775165905346344,-0.6245927596792669,-0.45758331088552184,0.0
448,4.250355866877861,-0.053378284354277494,0.47231899104597797,0.0
449,-1.6861977645397879,0.8738702811570689,-2.185376773958687,0.0
450,1.8414159621265627,-0.5192393929312795,-0.36161152493473087,0.0
451,1.6192488525163804,-0.3063572251382498,-0.15196495876589722,0.0
452,1.8067259271586866,0.6207916529039919,1.0694391345185505,0.0
453,0.7480748577301866,-0.31651825759850916,-0.6698065649554856,0.0
454,2.166926168759522,1.6932578257041253,-0.3119049268985846,0.0
455,-0.147472967306999,-0.012568503026449851,-1.2519090230669307,0.0
456,3.1710110353747893,-0.3520530508653068,0.34362566662932975,0.0
457,1.056479915212286,0.7309398293865977,0.058550776701756124,0.0
458,1.6484422280208686,-0.5243785628999074,0.428903290658819,0.0
459,3.410515256108222,1.0792594082877303,1.917360239989031,0.0
460,1.6711268808223219,0.9434170085761483,0.5419503650372971,0.0
461,4.157346033472026,-0.262777761730877,1.2890212325332535,0.0
462,1.9520804492120991,-0.39314278272344066,-0.24477477372080977,0.0
463,1.4060704314052728,1.3259266492288235,0.001344971595512728,0.0
464,1.9378159025479453,0.508796675302564,0.8753466269347354,0.0
465,-0.139222442165567,0.21474176385539362,0.6463937923704302,0.0
466,2.1291772136239655,0.1351704883914857,1.8637626985871059,0.0
467,-0.1904519954457311,-0.1721927617726291,-0.6031488337812085,0.0
468,3.2324857804111096,1.789291032126271,0.6621123867979375,0.0
469,-0.7978695591272227,1.2181530176036452,-1.5135499428694832,0.0
470,6.007823452663758,-0.0010394445962196297,1.1477811984182134,0.0
471,1.475743699085712,0.8896197102615715,0.4171774862489832,0.0
472,2.2023466761928083,-0.5274414936542768,0.8137098570736663,0.0
473,3.4146742148291214,1.7305029198852402,2.0616166835462946,0.0
474,2.396098984123837,0.994639433500668,1.391838631498995,0.0
475,-0.4613838664739798,-0.024154038003654454,-1.4442575001718407,0.0
476,0.3060869548957308,0.2925278486456865,-1.071730078321352,0.0
477,2.0952366149695383,0.8915163776333822,1.5119614813677849,0.0
478,-0.35005539550397025,-0.26466312947834014,-1.4013848715836612,0.0
479,-0.06708357041211122,0.38426607181432815,-0.4375545924635297,0.0
480,0.1805159003991641,1.156820135879319,-0.6964615104904386,0.0
481,3.1356506026166806,-0.4968947592570854,-1.1196305751637827,0.0
482,2.4897911416679612,0.5885178513943113,1.4827876127414719,0.0
483,0.6107877682310671,1.5687734179743402,0.6275456952690927,0.0
484,-1.6339100516250067,0.14593523989821966,-1.6133116378787187,0.0
485,-0.6809114692119225,-0.42776806883225005,-0.9179030596419298,0.0
486,0.9218367825417564,-0.3365303008361351,-0.08464416737270782,0.0
487,-3.135972729530765,-0.7353244465355405,-1.5704886628374282,0.0
488,0.2508404048004452,-0.644165498928847,0.19929986952910472,0.0
489,1.9899120792479148,-0.15781829093101485,0.8889724990255224,0.0
490,3.263905929307135,-0.05143829124697463,2.1898881328907827,0.0
491,-0.6384938787078216,0.325754752674323,-1.672252525717026,0.0
492,0.778702823898234,-0.03159448880269766,0.49472792793696296,0.0
493,-1.7398935402985003,-0.034972452830316914,-1.0599818885312522,0.0
494,3.15492568691507,0.6177265651309296,1.7120140583461256,0.0
495,2.5933002601293267,1.6173196853323661,1.6677175507842759,0.0
496,-2.269264420433345,-0.243563423017919,-0.15093711668273851,0.0
497,5.933321798303672,-0.4503075533017292,1.25759761520999,0.0
498,-0.8075629529413493,-0.40647833915782805,-0.5234385628328797,0.0
499,1.640437755325166,-0.41877877078208076,1.5692749508575217,0.0
500,4.9920037506855435,0.11997733376178166,3.160586925671305,0.0
501,1.097441221055949,-0.30903211813520376,0.9439087790562125,0.0
502,2.6031600666604637,-0.5820824709388535,0.2864955650812014,0.0
503,1.0077535994262667,0.5806902975795306,0.13156229116513432,0.0
504,0.3826684574574289,-0.46487657718578845,-0.34677491061852156,0.0
505,0.6405260901035557,1.1693761546388743,-0.06629664463376828,0.0
506,0.9008375067062513,1.5447880840769053,-1.2705015891530484,0.0
507,-1.129908616257932,-0.3188226009704478,-1.127547182044452,0.0
508,-1.100999619729109,0.14770619843510724,-0.24553328760213763,0.0
509,-0.24891620656398827,0.5619736349729806,-1.2136945088191486,0.0
510,-0.5645705128978487,-0.5083618247871571,1.1671881050951949,0.0
511,-0.59298343918709,0.9985455427847187,-1.1043658629612951,0.0
512,2.5231067014319253,-0.31957896357420545,2.095995172164197,0.0
513,1.595147977255798,-0.13526160001219323,-1.1687012303354867,0.0
514,1.4757917860307124,0.14348417259957902,0.6642390767628368,0.0
515,2.1424781326700426,0.027874171486391708,1.710498073834609,0.0
516,2.8530719745188198,0.6228416756849404,1.9709300434207992,0.0
517,-0.06272776380799167,0.005991466050711269,-0.19579214835285647,0.0
518,0.23665354895077015,0.07725530666164548,-0.23589604479522677,0.0
519,2.232938444296952,0.0599639770488386,1.4701372414357181,0.0
520,0.09931784440042102,1.3115346486331776,0.8674314541241976,0.0
521,2.134866664481819,0.7382212022455142,1.1348308387247947,0.0
522,-0.6614369938114386,-0.5236999291612925,-0.683031175212553,0.0
523,-0.23748219169566842,0.04087851928103703,1.866428523768085,0.0
524,2.8561107611416543,-0.045823279721264376,0.4669887808123351,0.0
525,-1.2006648951184853,0.1999689794117699,0.31267110132891796,0.0
526,2.037498113861508,0.509380458915473,0.9877266223213894,0.0
527,1.7805430766413535,-0.24896362069382127,0.004352535820797964,0.0
528,2.3203126240041367,0.11797341312692522,0.894492731197664,0.0
529,-1.8700996513640282,-0.022287470902266182,-1.9601121359639835,0.0
530,-2.3684608536307197,-0.28960188295119116,-2.9594667540168076,0.0
531,1.787916901851603,0.02131032277039213,-0.3260008305163898,0.0
532,-3.5097820383483445,-0.12582130439399142,-0.4879785257232214,0.0
533,-0.4263574860531696,0.17707543922334118,-0.9308511518762477,0.0
534,0.16016631792750935,0.06301775824895706,-0.6316350769757546,0.0
535,2.1662249765424204,0.036709079436699876,1.7588222477365216,0.0
536,0.027655470521809722,0.6614998653289781,-0.9970885830235676,0.0
537,1.3039945873110355,0.6551918965864796,0.22990899103248466,0.0
538,-0.7039773444880784,-0.27310465241422277,-0.2689720714570203,0.0
539,-0.038376761320516595,0.15292580642998904,-1.195707202553367,0.0
540,2.843952035526441,1.7178149391009176,0.8392908262651422,0.0
541,-4.162553802057994,0.6862575089811148,-0.19954456553374228,0.0
542,0.7301711154321382,-0.03551945539874368,-1.4366711000744912,0.0
543,2.3695352254305098,-0.14641386131229184,0.10205024581289013,0.0
544,1.4383406586099476,1.3210247822855696,0.8927606448277178,0.0
545,1.4094765518263694,0.38996945907409236,0.20721314420929327,0.0
546,4.218371258417841,-0.4383193808085612,1.3463724690902872,0.0
547,0.9036385996913859,0.6176421581977659,-0.1063431325934908,0.0
548,2.0004005638262274,-0.09033517403425795,1.2353193960627653,0.0
549,2.3304734452128217,1.5384327243775202,1.3842294833284976,0.0
550,3.308383547964535,-0.48212588047410454,0.5138374336017029,0.0
551,1.9500944413592651,0.11265980837472955,1.3964037734826273,0.0
552,1.2122319716695986,1.2930880192414351,-0.047035165426352825,0.0
553,1.367175936133217,1.7273590535348542,0.3268153959555409,0.0
554,-1.1900785865701629,-0.6812003885959736,-0.5893821639031939,0.0
555,7.191946946073504,-0.6510680073124491,2.243705575222404,0.0
556,1.6432338495836654,-0.3765863080617903,-0.38803661875148054,0.0
557,3.4742324579544075,-0.4173856798501525,1.8219738325203478,0.0
558,-1.1004937207180707,1.8011428771218183,-1.8317149996861504,0.0
559,4.3359220928585716,1.2145888289306739,1.426640140855998,0.0
560,4.890126606945506,-0.5931364393607215,1.5829006664544392,0.0
561,2.6507759995422875,-0.07931427183435757,1.1226592248139617,0.0
562,2.073749353702395,-0.1147395650165528,0.8591966858188401,0.0
563,2.0091468303710402,-0.046037113992565604,0.3128853878924308,0.0
564,1.5795042823157361,-0.30386878706703035,0.8191210806591678,0.0
565,1.529712722127132,0.28783895154097533,-0.34117981966059213,0.0
566,3.03576522521909,-0.250184611667323,2.3738810665649748,0.0
567,2.0693842810111858,-0.3772960503335,-0.21941091700791426,0.0
568,-0.3569556557687632,0.9810449620865581,-0.8109621294704279,0.0
569,1.4593034352074878,0.8625190671129283,0.31855873905532284,0.0
570,2.437026296675134,0.15026175139725106,1.4372511053754762,0.0
571,4.672999470706621,0.842937096745262,2.170089105802412,0.0
572,3.909858149305909,-0.176133067158334,-1.7060277199536182,0.0
573,0.28650618314693044,0.46190539799278574,-1.1355093664367129,0.0
574,1.2771718688525202,-0.27975933905697026,1.0353150106503324,0.0
575,-0.47730330353952966,-0.3939249154755466,-1.4021159976910682,0.0
576,0.27322172291609487,-0.2896835803900859,-0.06979965147225804,0.0
577,1.173819871484859,0.8471828079755888,0.17826420894100026,0.0
578,1.5198192932205559,1.4766997961053607,1.2644805127924548,0.0
579,0.3270848242921742,-0.2223328060873191,-0.9465344093133339,0.0
580,-2.5908565667833794,-0.2762361668660449,-0.2599785517463492,0.0
581,1.8815661220401025,-0.25838961007786165,0.7538073772906513,0.0
582,2.239871869152444,0.4587312837761146,1.3902733637168567,0.0
583,3.7956606775825406,0.0143436676803681,1.5024533287433366,0.0
584,3.6389305880054654,0.22923114840735578,0.5487127112550952,0.0
585,1.6725343370527037,0.060548347202287855,0.6871422556021335,0.0
586,2.197837339238021,1.9060003677919037,0.18932786017264397,0.0
587,2.947935007125269,0.2949066291780085,2.055589772440281,0.0
588,1.455686644762562,-0.19955892892717975,0.5603801463726845,0.0
589,1.830451605602558,1.5457669259027038,0.13205543483436,0.0
590,-0.33650295953820086,0.4840094300940388,-1.2792443924656869,0.0
591,-0.024510131427248227,0.4212909124816157,-1.6680944880748212,0.0
592,1.4028230820433163,0.08521136901848592,0.7896610866089505,0.0
593,1.3505420453872663,0.023688141988297717,0.4857663699306477,0.0
594,5.566511385336945,0.13373964633370017,2.2899437322280223,0.0
595,4.5719499902369405,-0.40512713769640496,1.2686999216698343,0.0
596,-0.24711146319905009,-0.27023236652826155,-0.5815834756659544,0.0
597,1.3949199072020393,-0.7209735149592368,0.5224253240476782,0.0
598,3.847810282564078,-0.476444869794428,1.330648662340618,0.0
599,-0.6874489950680969,0.04226649385731762,-0.0498004530901242,0.0
600,0.19649319711117852,0.7950613719167943,-0.8071948580605663,0.0
601,0.7168685037413907,0.10769424592010068,-0.17631488714698146,0.0
602,2.2816361017091316,-0.31091986692968854,-0.7468406903333891,0.0
603,2.4967425090296276,0.887745692040794,0.8672446377710079,0.0
604,-2.410007190712161,-0.47171070335578535,-0.3703174136230387,0.0
605,1.516293071886851,1.8657894053727473,0.05754103483073725,0.0
606,4.432742328977823,1.3757091703843476,3.6152145449531865,0.0
607,-1.0530589759938727,-0.5264662269807958,-1.4393237717222653,0.0
608,1.255931272091467,-0.06311080794352386,-0.9179171014080961,0.0
609,3.039137630666768,0.1434744638355402,1.7791522554035766,0.0
610,2.0225352541978463,0.027316055228502556,-0.04563212774246868,0.0
611,2.9704576889680907,0.6065607009014625,1.83816886639059,0.0
612,2.1812067947640736,-0.5035960172434447,0.46664388470227236,0.0
613,4.0247114976644545,-0.15094176226335088,1.3864756981183621,0.0
614,2.330867957907777,-0.7335097082397886,0.5378396252623746,0.0
615,1.748619809375668,0.9456501320827432,-0.7030191026839397,0.0
616,-0.4398210944326174,-0.39243651565146287,0.15138930985693003,0.0
617,-0.3051616624930621,-0.1371763873000249,-0.7249587932842254,0.0
618,-1.7984101727510964,1.7177372046471702,1.217068422169784,0.0
619,-0.8942654558313423,-0.5058485311427359,-1.7350319135057521,0.0
620,1.604719598768358,-0.46033369135130875,-0.9644566775420633,0.0
621,3.527107930659139,-0.02251287362117127,2.197249291774942,0.0
622,2.317088366792129,0.1242276029979208,-0.00929350226698911,0.0
623,0.3413614429583953,-0.5459515959626869,0.9678644385871047,0.0
624,4.278103426167082,1.1447637914478643,1.199549756687759,0.0
625,-1.535571517921921,0.5613194920587081,-0.14232774006466187,0.0
626,1.28579618382274,0.1902915488917308,0.26437239194597384,0.0
627,3.8373937594072727,-0.481119141110516,-0.08414594745838495,0.0
628,0.29933441531760474,0.48007687115019393,-0.666331753753806,0.0
629,1.4865960592460112,1.6229778840161848,-0.02069511525281306,0.0
630,0.3687703440798278,0.032613684669186516,-0.5318067618118495,0.0
631,-0.027135897358666172,0.04870666518637734,-0.7846624709093678,0.0
632,1.79667663067782,-0.08792122247031009,0.32151759833162563,0.0
633,0.6285494689791846,-0.42432096285889853,0.9199005353673715,0.0
634,0.5874506138043645,0.713954375649049,-0.35026506470920643,0.0
635,3.0955988826368204,0.8032375221609745,2.064407279684417,0.0
636,0.06411774966411692,0.2321904725513041,0.07502855014306424,0.0
637,0.38279281108692764,-0.17776530650025224,-0.036064181082512164,0.0
638,0.8642649553923732,0.13492236922052325,0.010754529487963068,0.0
639,0.9766639185603407,0.7098373618040428,0.09933211780504846,0.0
640,3.545798688201063,0.26088206581258966,1.8671552308556858,0.0
641,3.519386277289284,-0.30675084391378915,0.5157490561392692,0.0
642,2.622130705188639,-0.1612959631831814,0.9451945042547593,0.0
643,2.23343115507248,1.0427995347705385,1.498661532573213,0.0
644,3.6234511918366032,0.4722976396587835,0.2789978871487277,0.0
645,0.6480348402188267,0.1983824079385772,-0.5972896299419947,0.0
646,0.1549120853697764,0.05054927754455574,-0.836645465206059,0.0
647,-1.7293971494010658,0.2691186703422368,-0.4178594759107691,0.0
648,3.736713583671235,-0.15778357173627566,3.0223382584461875,0.0
649,0.2443670941610614,-0.38706062191970875,-0.8974095461915805,0.0
650,1.6527685764334448,0.16821340223629266,0.6597368835068725,0.0
651,1.8278545074816963,1.0543681446221747,-0.45975569540460076,0.0
652,1.5693335714739183,1.6874727364132085,0.8876973706645576,0.0
653,-0.7074631349806667,0.3580202109248203,0.27738100505714114,0.0
654,5.279540394553783,0.03752159861318283,0.11014785860781603,0.0
655,6.120231402226212,0.975350967869981,5.107636911872971,0.0
656,-0.41047232707231657,1.5766244271007113,-0.4008278849062346,0.0
657,1.151761821384052,1.11397273643543,-0.36537272224969397,0.0
658,-0.11805604494458433,-0.17544498938669073,-0.8688947080801347,0.0
659,2.4191108803943506,-0.5232929618137425,0.1965986782354812,0.0
660,2.825311221444588,-0.3712708806748465,0.9699438358447623,0.0
661,-1.7623509617445992,1.2544168794294728,-2.2778509376229477,0.0
662,2.677147115480132,0.8315667480172758,1.7921830568727264,0.0
663,0.583090409490308,0.7442207115549606,0.4946955624683836,0.0
664,0.132601508048784,0.18647015515359505,-0.927640963804821,0.0
665,-1.7658462671067963,-0.1366818162625757,-0.005931149776743192,0.0
666,2.2492705811909124,-0.21473920020773352,1.6147762383336133,0.0
667,-0.9282468838451842,0.15178640554057654,-1.5526155232414334,0.0
668,-2.389740984172307,-0.04886427695478579,-1.009228144707211,0.0
669,1.683935132809641,-0.047243636292961244,-0.05914357748891682,0.0
670,0.19585550622593118,0.9167428376758946,-0.8173952360677644,0.0
671,1.8619941123648294,-0.22019561947309496,2.0344406598047167,0.0
672,3.186723027658128,-0.21862519926131607,2.2001766317758475,0.0
673,4.420497640266795,-0.21820230680624675,1.4317027068982209,0.0
674,1.4558593950679442,0.5058223281517373,0.37091491028329243,0.0
675,1.2198771833987276,0.14299462622965298,0.3144183011265939,0.0
676,1.5543041452574937,-0.22758493259942902,-0.6096316201187525,0.0
677,1.3846424285710506,0.04700552343745801,-0.08638534131384734,0.0
678,2.0514830034760303,1.4781109365014409,0.963229495727553,0.0
679,2.6057233019169344,0.8140475884974009,1.6096154881969358,0.0
680,0.4561361638628244,-0.5765359109667793,0.4334393358312152,0.0
681,1.8792010655405724,-0.5508668095971906,0.7418535223424263,0.0
682,2.1212127633251487,0.9401185795097119,1.0349083783480835,0.0
683,1.78583006995732,1.900519724988536,0.41099630125914804,0.0
684,3.8220923078386826,0.047177285242740785,2.953264529065058,0.0
685,1.346923731581692,-0.13914825862690533,0.7213813003546378,0.0
686,0.18754468834201043,-0.36554151666106094,-1.199757049397917,0.0
687,1.5982421111711127,0.31069212434160504,1.3585567615099863,0.0
688,0.7761007575583115,0.4045455423680356,-0.6962343741131373,0.0
689,-4.6393083303888885,0.2981308705497468,0.9076713695741258,0.0
690,-0.7502224761686755,0.17259937802385733,-1.675731588503866,0.0
691,1.1369846430333306,0.2028885462497727,1.0811540642182698,0.0
692,1.6222174878080435,-0.30309694921743247,0.17097324441063919,0.0
693,6.973476648484591,1.8449636435679784,1.7346794186516032,0.0
694,4.658168712374513,-0.10620003805000144,1.1369156604453936,0.0
695,-0.27917308896277815,-0.5804956001647432,-2.3223388021761076,0.0
696,3.5990683140896085,0.7275498241687473,1.8464517665980738,0.0
697,1.6408254691369577,0.011820139991875256,0.9809146959299285,0.0
698,-1.7590720826044035,0.17408054302811476,-1.0944804938985668,0.0
699,0.775757847281809,-0.35113547712503745,0.7242031140006749,0.0
700,-0.9964650990273801,-0.3669365340883817,-1.2227470014335406,0.0
701,3.3924202389564266,-0.16095681306168508,-0.0713137979077459,0.0
702,-0.7238786857935999,-0.18817307970064956,-1.034644686728595,0.0
703,6.722499215465783,-0.20469743079374714,2.727476969192429,0.0
704,-3.3172700187386277,-0.1588230185850737,-0.2958592106269679,0.0
705,1.3551105711874658,0.5097005708620375,0.7499170558528645,0.0
706,2.047495901788417,-0.39627042433903914,-0.17791779556698364,0.0
707,1.1939469067353101,-0.5526525683587846,-0.3383084657631617,0.0
708,1.1478840058739441,0.6360465929548987,0.0643141611043496,0.0
709,2.632465934871531,-0.20611031903667254,1.4811026348255183,0.0
710,-0.3902985344167411,-0.14625276073604387,-1.073938804781674,0.0
711,2.83051641770412,-0.5748634896251389,-0.08537818898434893,0.0
712,0.12243990871347482,-0.3039303742249039,-0.19751353359126228,0.0
713,-0.8309412064651915,-0.3981193578702885,-0.1070871195459839,0.0
714,-3.725812890935175,-0.2785233719733551,-1.9211187058713983,0.0
715,2.0595692185683516,-0.5558892303897203,0.5058558501827848,0.0
716,-0.15736384364533718,-0.17457543098325878,-0.9115561671659196,0.0
717,-1.9450034187501064,0.3299114101045089,-0.05288974657741993,0.0
718,2.9443616582075,1.785039983662038,0.3316890578537889,0.0
719,-1.7470046656438432,-0.5396961764396583,-0.13985884538367882,0.0
720,-3.260493218781787,-0.4057937339838218,0.3161314239936605,0.0
721,1.4903111769269248,0.6393905944454946,0.017050464952303803,0.0
722,0.7667942708924742,-0.19714452979485447,0.007763548763131513,0.0
723,1.1982221466073661,-0.472650103446455,0.275645897194553,0.0
724,3.2724740251986963,1.1419927853168403,-0.73797336503276,0.0
725,1.163543440655559,-0.1833530313704741,0.9662790440567938,0.0
726,3.7882498338659567,-0.30485853345000274,2.727196908408263,0.0
727,3.6039995167162147,0.09668292055475458,1.7900902662195257,0.0
728,-0.2660629593197691,-0.6245501536349077,0.8055128831947923,0.0
729,-0.5730348786706367,0.09375250828340498,-1.6676834151408875,0.0
730,-1.103722673446694,0.1227602546852189,-1.7115036975710054,0.0
731,1.4707459309166104,1.3184423504644647,-0.3873446372601984,0.0
732,0.15833108188135436,1.614197272644796,-0.674487000641633,0.0
733,1.224458782571204,0.9464365702238423,-0.36479438519214963,0.0
734,1.008925932848654,0.6834950025724869,-0.06908755393258392,0.0
735,1.8932034748173552,-0.09975893251821011,1.2495126743056042,0.0
736,1.779222268619489,0.44526618233174653,1.0113886534556733,0.0
737,0.7736207113433282,0.299241611963012,-0.1983618142477973,0.0
738,-0.45601502224745044,-0.7591654286434397,0.45266062992790496,0.0
739,2.2967278751283136,0.2514767264026005,1.3272476708372958,0.0
740,1.577400921465871,1.4813760453248472,1.0185514014721657,0.0
741,2.4366742235254346,-0.37258328421725834,0.8509637134923247,0.0
742,2.2730838852398323,1.2926573255952398,0.8283897239230997,0.0
743,1.4100941009834207,-0.14191724578509401,1.2832213659056513,0.0
744,2.3858150308158748,0.07814115824327644,0.868466711033789,0.0
745,0.41798578829866084,-0.2838241894702396,1.683388933563911,0.0
746,0.8157623216637536,0.20324963017817382,-0.2259547156102285,0.0
747,2.635140598958321,1.774470829784505,1.9575407072107607,0.0
748,-2.8642688309610893,1.5515951151457597,-1.844863139681977,0.0
749,1.1842892194100128,-0.023939561567539236,1.2145710152380877,0.0
750,2.3207888343363767,1.1673383275823528,1.1974750209253644,0.0
751,0.6708133715059336,0.09604261661228264,0.32471608658045314,0.0
752,3.0719002091282097,0.00331126883406474,-0.7532385347965124,0.0
753,3.5277943608954034,-0.2545467198781298,1.5670489248890185,0.0
754,1.3472906341701616,-0.11545927626146357,2.1154895275463863,0.0
755,0.11813069846281055,-0.6665461738152363,-1.5743517284196087,0.0
756,-0.02282046446366892,-0.851559774881814,0.8147383905719447,0.0
757,-1.3600579211805524,0.8794774287304086,-2.4123138693577224,0.0
758,1.5653742977372618,-0.17020880508939162,-0.7369705114749326,0.0
759,1.183049580869139,-0.10608655363995978,0.5038633082654729,0.0
760,1.5646056192883517,0.5101271478029978,0.6186872934863937,0.0
761,-0.08122886345960167,0.01478098490273716,-1.2626524905203922,0.0
762,-1.6772768452983204,-0.0856064199652723,-2.2614881020807434,0.0
763,1.6760159409579414,-0.19432212604676335,0.857397570694985,0.0
764,0.05113400264681134,1.064259055812832,-0.7443631701214071,0.0
765,0.11912514990935685,-0.2835226348649604,-0.8305159408752456,0.0
766,-3.1223989167269863,-0.5427331321348867,-0.9056148163070362,0.0
767,-1.5901642043602726,-0.3759974084589395,-0.24675527269525535,0.0
768,0.950199916868891,0.8775946770974776,-0.2488558996252927,0.0
769,0.2830140537135828,0.030625308607883484,0.2405756135873061,0.0
770,2.6129801855447377,-0.17411570597401582,-1.0434910397979813,0.0
771,3.9492446809627344,0.47205117084294057,2.083860162329477,0.0
772,2.888323490226546,0.20426345559924464,-0.05864154084958274,0.0
773,5.745101361288259,-0.029509448966124285,0.4264750037706631,0.0
774,2.647998853774665,0.3292875220185002,0.9721095122014923,0.0
775,-1.1033480898463806,0.9904008068280838,-2.094216288674755,0.0
776,2.2912584297364993,-0.10453218666744446,2.253173874077495,0.0
777,6.527888812881926,0.44182784391457935,2.3405809607689676,0.0
778,-1.4645209834975488,-0.3602363065308747,-1.6103796909399508,0.0
779,0.4752013154776694,-0.13518074360843146,-0.4634131103815041,0.0
780,0.9367674938585582,-0.3568922205604965,0.8177082869745678,0.0
781,1.6829727950764692,-0.606169812041383,-0.2811827121644404,0.0
782,0.41210531914077486,0.7549086546223617,-0.5329148686084059,0.0
783,2.487986180871654,-0.8553537520627158,2.132108346028372,0.0
784,1.1562321470920716,-0.47601373125149976,-0.055400750185081844,0.0
785,5.306080250017811,-0.1909243903392479,0.6851062709483361,0.0
786,-0.026494971401810452,-0.17408366046375712,-0.327287906610067,0.0
787,1.7839119836434127,0.14399857303077063,0.0018714166097643645,0.0
788,5.618356857798296,0.14007872044045866,-0.7419194000972121,0.0
789,-0.800778003309305,-0.16270661732713387,-0.9152265821975143,0.0
790,0.5410082687127689,-0.06819529404284785,0.1777197183427568,0.0
791,0.41640586961944526,0.43666928627069884,-0.8835675193195065,0.0
792,3.3436346883404617,0.021836609517353667,-1.1214244030706801,0.0
793,1.377262265163841,1.024789694979014,1.3320058570882862,0.0
794,0.6833455892997939,-0.3178405264898513,-1.4685620076536443,0.0
795,1.2998311869781358,-0.7294562083773843,-1.1708409093705296,0.0
796,0.7674422422992732,0.05326801176825924,0.1385334020889588,0.0
797,0.31256845889579354,0.8027418522867779,-0.7430243287279201,0.0
798,-1.8514831243604517,-0.08866166840939782,-0.34026291600965886,0.0
799,-1.7401987886065338,-0.6328872500180229,-0.06085559705056728,0.0
800,-0.1989243776085261,0.09141846141144594,-0.5477012889290951,0.0
801,0.31875505538570703,-0.7141157214322742,0.2972837440455752,0.0
802,1.214710818697932,1.1339841172954859,0.19605317843472142,0.0
803,2.9648094375032343,1.2898500865322085,0.12897544429496466,0.0
804,-0.9273898183768999,1.376384207816841,-1.4868569459172647,0.0
805,3.0943070498164653,-0.171121982895302,1.1262391532597564,0.0
806,1.5298231314504678,0.7576888963315865,0.5875837018886173,0.0
807,-1.389911646973687,-0.47603562873511407,0.32195913075615334,0.0
808,0.5827941399132276,0.2223827097400627,0.515860703757934,0.0
809,1.4908237080843836,0.4232381491021853,-0.12108854443184747,0.0
810,1.1699863822380834,-0.18547186549096073,0.19777851304580857,0.0
811,-1.8635980789643125,-0.628850511278684,-2.252504824080539,0.0
812,0.5818119036736509,0.05983106939985383,0.21072760041437014,0.0
813,2.904186410669151,-0.6719086159408229,1.7010572756852758,0.0
814,1.4559010820446177,0.06211220494392411,0.30328691368906047,0.0
815,0.8686360491932279,0.3111635640317554,-0.23679477751950959,0.0
816,0.24644413306524204,0.4709599008723409,-0.7609458440625019,0.0
817,0.7950184395478823,-0.13019339521431483,-0.3642300269848126,0.0
818,-0.7009700263756176,-0.557004271682735,1.8373695850407379,0.0
819,0.1044787503230391,0.2074314426138853,-0.48583221216007333,0.0
820,-2.2871773895775056,-0.3528120746431461,-0.4315597550612767,0.0
821,1.4552592042512316,0.44759354402015017,0.46738813205348356,0.0
822,-0.6852570596020893,0.44467889879033234,-1.704737920026271,0.0
823,-0.4224532505968338,-0.11180264333666634,0.3167162400158875,0.0
824,1.4833719599154063,-0.23813811433678034,0.6171294889452115,0.0
825,0.06041332115234832,0.9543246741946998,-1.3051130462947917,0.0
826,2.9845120039622057,-0.04336532078976496,0.9982094963884359,0.0
827,2.3966883418751883,-0.4480428447565865,-0.14148228655110762,0.0
828,1.929087108094089,-0.21112327320784519,0.325642888607369,0.0
829,-5.108997790626774,1.5296337538721372,-0.2296363017766001,0.0
830,0.014504377997976603,-0.22437630591780244,-0.08060586374865236,0.0
831,0.04150691786627153,-0.00466538288547147,0.30428257591241087,0.0
832,2.7642989208644106,1.1698145039656294,1.3713191214806133,0.0
833,0.6470474820454565,0.9176809013508622,0.13497564267811926,0.0
834,2.2611027112025193,0.11885383555049045,1.1234520552200224,0.0
835,1.7977778279117302,-0.3989005775918235,0.2251897884556353,0.0
836,1.5836991426458837,-0.08679622705344392,-0.839440176381272,0.0
837,0.0034394956097419382,-0.46932245648175996,-0.14341274980513347,0.0
838,-1.6268253308107776,0.6125169918013065,-0.08836904833395517,0.0
839,1.8908943614646014,-0.7199220752033597,0.34877071420356226,0.0
840,2.1324341763705146,0.4186995657355589,1.062002236785608,0.0
841,2.1056907522473995,0.40949003824607066,1.2427422496502794,0.0
842,0.9827623765842359,0.6768690214389049,1.0539845779838688,0.0
843,2.1115625532516162,1.2683698880637728,0.8757850479220572,0.0
844,3.3464580085575877,0.1679333700657879,2.071394266230488,0.0
845,1.6949289568799197,-0.48016397138330535,0.5133249567414733,0.0
846,1.2424140541523945,0.19842061043904352,0.4931407379298936,0.0
847,3.360829329130218,1.1010376002282047,1.1609812915528686,0.0
848,0.46763878283147187,0.44688952894928896,-1.0689524589484756,0.0
849,0.3379773949792949,1.2823653320966586,-0.8371587160330317,0.0
850,-0.3978284512541568,0.17594749505242574,-1.3994153053963445,0.0
851,3.965325622616504,-0.0646308840037707,1.2075291437423157,0.0
852,1.479787760483964,-0.6768200487035654,-0.19906586803930626,0.0
853,1.2193774200246734,-0.558915386257844,2.7753117787652277,0.0
854,0.6675354499905596,0.4468031117270037,0.1961600756443623,0.0
855,1.3876730297279452,-0.2596471508249911,-0.018199266023553946,0.0
856,-1.7233302096711984,0.21602312208628383,0.27708460860413175,0.0
857,1.0774846669905873,-0.2897608549571443,1.1134366273886176,0.0
858,-0.8751139254865571,0.9623832994798431,-1.7191545001325739,0.0
859,2.033860631215057,-0.4194407643362606,-1.8156870570782446,0.0
860,2.6418663919520258,-0.10108230409711738,1.906513855457317,0.0
861,2.8048193941537383,-0.26600570426730785,2.368789193747147,0.0
862,3.9920340221715453,0.2941851230319618,3.028748760997245,0.0
863,-1.2885754420225988,-0.2752057959379637,-0.7256431285913236,0.0
864,0.7643526044717007,0.6687998736110577,-0.16452664071486725,0.0
865,0.7118802480554252,0.03470232315865318,-0.25832138882482536,0.0
866,1.746868058101907,0.8230777201739679,0.15442372507367458,0.0
867,2.3144835908720767,0.8407984104263693,1.2906668575676898,0.0
868,3.3157088717878547,-0.3291902176939402,1.7989171503734052,0.0
869,0.8082757379894122,1.4436640434125558,0.736673998224203,0.0
870,4.117134789340941,0.18096170115828353,2.7861896004536684,0.0
871,0.5927175869224505,1.717654174468953,0.11458349399232118,0.0
872,-0.017531613252864342,0.4177982248959453,-0.8957584340370234,0.0
873,8.7685509153768,0.17155222440244178,1.9082952916908593,0.0
874,1.7268697008703895,-0.10606853745015288,0.6012871456820599,0.0
875,0.012568424308710358,1.4370988000121794,0.14982835879206952,0.0
876,3.4450303070448474,-0.4464462390255658,1.3038718849636668,0.0
877,-0.11442775522467397,1.5410456304930098,3.68108610127807,0.0
878,0.7712330178081986,0.4524622542796211,-0.08419740871733146,0.0
879,1.1085599872430572,-0.2537996027171946,-0.9841653086201337,0.0
880,1.779432281371969,-0.8254961943723498,0.19657522416404774,0.0
881,1.3660598533384138,0.46385395741421775,0.3653970115001848,0.0
882,-0.3145653346132453,0.48812684483945135,-1.3740790874109068,0.0
883,4.703246102537676,0.0886391992102229,1.6985904660848492,0.0
884,-0.9060552334255643,-0.351930388238469,-0.9672487376464127,0.0
885,-0.6991093982544409,-0.5000226918501605,-0.9461678284240186,0.0
886,1.9334509585061916,1.6970685363483775,0.08380810935983989,0.0
887,0.6623077781609283,-0.08899721119656734,1.7861410877495327,0.0
888,1.0413996365657452,0.8430440861302428,0.07560243033954539,0.0
889,1.4192781226203661,0.40029989091430657,0.4240573663572789,0.0
890,4.860309452378746,-0.17201072723614796,0.8383660731160871,0.0
891,2.7877137762887445,0.012855169954238854,1.5857191534375517,0.0
892,2.4623018421348,0.026452594141900154,1.0961253753514546,0.0
893,4.578020216706307,-0.4360111093043699,1.8307865571149233,0.0
894,2.073837377198183,-0.414550388364489,1.5359985763434323,0.0
895,1.548010217924408,0.3634987315972352,0.879477475202703,0.0
896,0.13511038626146754,-0.21282003729509302,-1.0015314235919541,0.0
897,-0.2639285483064293,0.8849692208434514,-1.020878823431428,0.0
898,-2.1382231989780514,0.26338874587967775,0.24136218244927177,0.0
899,3.2566877677915866,0.08542746684905167,2.505606499603836,0.0
900,1.8249751082479342,1.4708950419488034,-0.4652671079609297,0.0
901,2.222986997585938,0.12517079351583416,0.886846362775572,0.0
902,1.9474889983607917,1.6575866099660574,0.00049042265765919,0.0
903,0.894990564502176,-0.3596342705034543,0.7637305245667816,0.0
904,-1.1136507897709864,1.0123315745451644,-0.21206432180771514,0.0
905,2.670909066708694,-0.04763153349762894,0.8486977308175901,0.0
906,-0.4937510987840693,1.0269404555540085,0.8848459612564531,0.0
907,-0.3834590059361245,0.8578004992463808,-1.3561973087064418,0.0
908,0.19127281765686213,-0.5728924830385701,-0.0011012259514892983,0.0
909,-0.04257177553128555,0.2318758256894089,-1.9107778093215861,0.0
910,1.1550049850350987,-0.09386994115942537,-0.4621603714232476,0.0
911,-0.049096124785065184,0.3769794735468669,-0.019263526148033155,0.0
912,-1.4451215055525393,1.3217954864462202,-1.486519151332692,0.0
913,4.386468300553695,0.2717405819413783,3.27722770025538,0.0
914,1.4656827919602902,0.3693215785792173,0.12720919567860794,0.0
915,2.4802933022032154,0.8632197557284655,1.4630154063892062,0.0
916,3.9234731230901843,-0.25121675823057954,0.17153651974406134,0.0
917,1.0436002383303178,-0.3620124158154675,1.4477043048698672,0.0
918,1.5004310002950474,-0.47804630778151913,0.22946881987983891,0.0
919,3.075537022899187,1.2011651620542056,0.9378050778156197,0.0
920,0.2340311624064444,-0.09426378648781886,-0.8693034152693848,0.0
921,-1.4405506790649822,-0.005332953570811538,-2.2155298898625864,0.0
922,-0.045656718072696556,-0.42572247198119284,-2.596540458559711,0.0
923,4.074067841592742,-0.6343276121885567,2.511290586505128,0.0
924,6.253373381035,-0.600191610898959,1.1259998420451751,0.0
925,2.526814460942296,0.9189965916410305,1.5612269645605927,0.0
926,3.4488011542733656,-0.6227126254871282,-0.6610011246192963,0.0
927,0.6789249224790193,0.37963775952806145,-0.47030094762300517,0.0
928,2.029912657172595,-0.19084162543902844,1.8532125004642808,0.0
929,1.8693545458343084,0.5214629199816301,0.8158069222328821,0.0
930,-0.5099508930182869,0.3626576004777868,-1.310099296473692,0.0
931,1.8803316243834225,0.1847921640328558,1.0321013793119707,0.0
932,4.152781708514068,0.6569023488317217,-1.795674017902657,0.0
933,0.9188826384306495,-0.5400367790031197,0.6028231863012008,0.0
934,0.956712118782745,-0.06148634906733308,0.16737469009572958,0.0
935,3.408215490298349,-0.2662026261659842,1.2204015257379002,0.0
936,-0.44714810521618586,0.5587368676631569,-1.6538019866638904,0.0
937,2.0979021881556887,-0.5323680638956139,1.648088435187955,0.0
938,-0.43952303608599613,-0.5097342973001363,0.39469899238929024,0.0
939,0.02584625825067044,0.28471631942539205,1.5072604990264253,0.0
940,-5.31449300471295,0.03222185664030275,0.1604318425057085,0.0
941,1.530338530732752,0.5975316291885485,0.3257400589854451,0.0
942,1.1422838505642656,0.09951944777573546,0.4956053527436697,0.0
943,-1.433233418812183,0.007811532549195643,-0.29364034462260885,0.0
944,0.2135754752405774,1.4230995180696318,1.352045215555086,0.0
945,1.358906749792935,1.0299953965264115,0.5006778019339333,0.0
946,2.517214374572781,0.768973389726725,1.4627997446087664,0.0
947,0.8181366240676357,0.6530773143923545,-0.18975933840439352,0.0
948,-0.44113314728866804,-0.0342901432123951,-0.11069715719146757,0.0
949,2.947933273406661,0.17003921416545154,1.3400456058917867,0.0
950,-1.973220453066561,-0.1873173475512706,-1.090933912339013,0.0
951,2.469281304715934,0.36406815601316983,1.6955987783060689,0.0
952,0.7222806401972113,0.42262682807402163,-0.34509190769761794,0.0
953,-0.44437792175209956,0.3188311550727666,-1.0830458977252644,0.0
954,-1.2849011907237633,-0.2411168608442701,-0.9913383387581698,0.0
955,0.13637903362870518,-0.5022224410443643,-0.5600822284911451,0.0
956,0.9212792075693375,0.7957303649951472,0.11476529559218107,0.0
957,-0.6151171418409925,-0.3658985684179119,-0.5547767335195622,0.0
958,3.643414615213265,-0.3834496267055449,2.541974262322234,0.0
959,1.4326182639931466,-0.10695664178394404,-0.5733735306272824,0.0
960,0.8543010459402487,1.0891623897557023,0.2553697038499715,0.0
961,1.3845641389583694,-0.1566799076309746,-0.23528386893058428,0.0
962,-1.6533560643565823,-0.3890075429808161,-1.279822906587377,0.0
963,2.16650162085136,0.4421496621433325,1.3555747843245103,0.0
964,-4.023314624776711,1.541952912144001,-0.6736784546549311,0.0
965,0.8430454583215137,0.21836511232685052,0.8535300286563539,0.0
966,-1.185585448774891,0.1765151101853603,-2.171390115401011,0.0
967,2.672775212421172,0.10655425963511878,0.8064030919206829,0.0
968,1.1117025127091331,1.4451635675131167,2.271221897878329,0.0
969,1.136962713834163,-0.38099290245250994,-1.6577995393590026,0.0
970,0.15465968474383085,1.021432819499181,-0.8776649452127048,0.0
971,-0.41695661777387905,-0.10130586622022753,-0.9772858320869249,0.0
972,2.014952129138846,0.628618879172735,1.121454557288149,0.0
973,1.4428476123365583,-0.22770937561204055,0.7568935102471039,0.0
974,-1.3739734515447737,-0.506427013701344,0.2052954513497498,0.0
975,0.32127307237676017,1.4288869477185633,-0.2998194086265432,0.0
976,-0.29818209667539763,-0.008912056851166583,-0.33980446801837083,0.0
977,0.5829216436663031,1.058372133661202,-0.4757047928303718,0.0
978,0.46274151723485546,-0.6843670428724089,-0.25568562220027113,0.0
979,1.7541685742035729,-0.2999598213315544,1.971286822010287,0.0
980,-0.21162575497194547,-0.4912146013760895,-0.6346505682731324,0.0
981,-3.2022157090958947,0.760085668179338,0.40710885342582614,0.0
982,1.7589898237096806,-0.31404490286871267,-0.1712266729105995,0.0
983,1.967145073964538,-0.4047562586164471,1.272071538249133,0.0
984,0.8172936890261484,0.6751564697859782,-0.14453917844761804,0.0
985,0.5090800172559593,0.2361727626020171,-0.2975762919921596,0.0
986,-3.9935481672893407,0.05290386875637365,-1.2803168995304164,0.0
987,-0.8054693831089215,-0.24306157181699128,-2.1232833488494505,0.0
988,-2.153063400073252,0.0583210103833019,-2.138207827266353,0.0
989,3.8464652613666903,-0.3803585147832422,0.8323982053155521,0.0
990,1.1548594727253383,0.8292010489059313,0.09585923099088982,0.0
991,-0.6547899431905873,0.5485139237570487,0.38043518340334637,0.0
992,-0.9044674342190785,-0.492504283740879,-1.1519628571816884,0.0
993,3.8033776822089327,0.14080912338405005,-0.22376896416145384,0.0
994,3.805563866730776,0.04000061470092153,0.8497195751915002,0.0
995,2.93629648791789,-0.12406799118391154,0.033463822271873084,0.0
996,3.555717199385271,-0.09439978835892326,0.017062253667927123,0.0
997,-0.4272287222764397,-0.474006330119802,0.08484792728285548,0.0
998,2.0093617258419587,-0.21545924196767097,3.0400657037210967,0.0
999,2.7426208224744255,-0.45934488864706413,0.2228599530286366,0.0
